last_name,first_name,grad_year,email
Smith,Emily,2029,emily.smith29@example.com
Patel,Aarav,2029,aarav.patel29@example.com
Kim,Min-Jun,2029,minjun.kim29@example.com
Haddad,Layla,2029,layla.haddad29@example.com
Wang,Wei,2029,wei.wang29@example.com
Johnson,Michael,2029,michael.johnson29@example.com
Singh,Ananya,2029,ananya.singh29@example.com
Nguyen,Thanh,2029,thanh.nguyen29@example.com
Al-Farsi,Omar,2029,omar.alfarsi29@example.com
Lee,Ji-woo,2029,jiwoo.lee29@example.com
Brown,Olivia,2029,olivia.brown29@example.com
Khan,Zara,2029,zara.khan29@example.com
Chen,Li,2029,li.chen29@example.com
Yamamoto,Haruto,2029,haruto.yamamoto29@example.com
Williams,James,2029,james.williams29@example.com
Sharma,Vihaan,2029,vihaan.sharma29@example.com
Park,Seo-yeon,2029,seoyeon.park29@example.com
Rahman,Noor,2029,noor.rahman29@example.com
Zhang,Yu,2029,yu.zhang29@example.com
Davis,Isabella,2029,isabella.davis29@example.com
Gupta,Aditya,2029,aditya.gupta29@example.com
Tran,Anh,2029,anh.tran29@example.com
Nasser,Maya,2029,maya.nasser29@example.com
Ito,Sakura,2029,sakura.ito29@example.com
Miller,William,2029,william.miller29@example.com
Reddy,Sanvi,2029,sanvi.reddy29@example.com
Ali,Ahmed,2029,ahmed.ali29@example.com
Choi,Ji-ho,2029,jiho.choi29@example.com
Thomas,Charlotte,2029,charlotte.thomas29@example.com
Mehta,Krishna,2029,krishna.mehta29@example.com
Sato,Yuki,2029,yuki.sato29@example.com
Hassan,Amira,2029,amira.hassan29@example.com
Garcia,Sofia,2029,sofia.garcia29@example.com
Kumar,Arjun,2029,arjun.kumar29@example.com
Ng,Mei,2029,mei.ng29@example.com
Farooq,Samir,2029,samir.farooq29@example.com
Tanaka,Ren,2029,ren.tanaka29@example.com
Moore,Elijah,2029,elijah.moore29@example.com
Desai,Isha,2029,isha.desai29@example.com
Yilmaz,Deniz,2029,deniz.yilmaz29@example.com
Lim,Su-bin,2029,subin.lim29@example.com
Clark,Amelia,2029,amelia.clark29@example.com
Chaudhry,Rehan,2029,rehan.chaudhry29@example.com
Hashimoto,Akira,2029,akira.hashimoto29@example.com
Evans,Lucas,2029,lucas.evans29@example.com
Jain,Diya,2029,diya.jain29@example.com
Bakr,Salma,2029,salma.bakr29@example.com
Hoang,Minh,2029,minh.hoang29@example.com
Murphy,Jack,2029,jack.murphy29@example.com
Verma,Pranav,2029,pranav.verma29@example.com
Suleiman,Yasmin,2029,yasmin.suleiman29@example.com
Sun,Lei,2029,lei.sun29@example.com
Anderson,Mason,2028,mason.anderson28@example.com
Chakraborty,Anika,2028,anika.chakraborty28@example.com
Rahim,Imran,2028,imran.rahim28@example.com
Suzuki,Hana,2028,hana.suzuki28@example.com
Martin,Ethan,2028,ethan.martin28@example.com
Joshi,Neha,2028,neha.joshi28@example.com
Al-Mansour,Fatima,2028,fatima.almansour28@example.com
Pham,Quang,2028,quang.pham28@example.com
White,Henry,2028,henry.white28@example.com
Kapoor,Dev,2028,dev.kapoor28@example.com
Saleh,Nour,2028,nour.saleh28@example.com
Kobayashi,Shota,2028,shota.kobayashi28@example.com
Robinson,Grace,2028,grace.robinson28@example.com
Pandey,Riya,2028,riya.pandey28@example.com
Jabari,Leila,2028,leila.jabari28@example.com
Lin,Xin,2028,xin.lin28@example.com
Walker,Logan,2028,logan.walker28@example.com
Mishra,Pari,2028,pari.mishra28@example.com
Barakat,Aliyah,2028,aliyah.barakat28@example.com
Fujita,Daiki,2028,daiki.fujita28@example.com
Young,Benjamin,2028,benjamin.young28@example.com
Rizvi,Saad,2028,saad.rizvi28@example.com
Cheng,Hui,2028,hui.cheng28@example.com
O'Connor,Sean,2028,sean.oconnor28@example.com
Srinivasan,Meera,2028,meera.srinivasan28@example.com
Mansoor,Karim,2028,karim.mansoor28@example.com
Yamada,Haruki,2028,haruki.yamada28@example.com
King,Chloe,2028,chloe.king28@example.com
Bose,Arnav,2028,arnav.bose28@example.com
Al-Sharif,Samira,2028,samira.alsharif28@example.com
Nguyen,Phuc,2028,phuc.nguyen28@example.com
Scott,Alexander,2027,alexander.scott27@example.com
Das,Shreya,2027,shreya.das27@example.com
Hossain,Farhan,2027,farhan.hossain27@example.com
Mori,Keiko,2027,keiko.mori27@example.com
Baker,Daniel,2027,daniel.baker27@example.com
Rana,Simran,2027,simran.rana27@example.com
Al-Khalifa,Malak,2027,malak.alkhalifa27@example.com
Huynh,Trang,2027,trang.huynh27@example.com
Lewis,Matthew,2027,matthew.lewis27@example.com
Chatterjee,Anvi,2027,anvi.chatterjee27@example.com
Qureshi,Rayyan,2027,rayyan.qureshi27@example.com
Saito,Haruka,2027,haruka.saito27@example.com
Turner,Natalie,2027,natalie.turner27@example.com
Iyer,Aria,2027,aria.iyer27@example.com
Mansour,Samir,2027,samir.mansour27@example.com
Zhou,Meilin,2027,meilin.zhou27@example.com
Hall,David,2027,david.hall27@example.com
Banerjee,Vihaan,2027,vihaan.banerjee27@example.com
Al-Hashimi,Noor,2027,noor.alhashimi27@example.com
Pham,Tu,2027,tu.pham27@example.com
Green,Jack,2026,jack.green26@example.com
Mukherjee,Diya,2026,diya.mukherjee26@example.com
Salem,Amal,2026,amal.salem26@example.com
Kato,Shin,2026,shin.kato26@example.com
Perez,Lucas,2026,lucas.perez26@example.com
Rizwan,Ayaan,2026,ayaan.rizwan26@example.com
Al-Mutairi,Lina,2026,lina.almutairi26@example.com
Nguyen,Dao,2026,dao.nguyen26@example.com
Clark,Emma,2026,emma.clark26@example.com
Sengupta,Arjun,2026,arjun.sengupta26@example.com
Haddad,Yousef,2026,yousef.haddad26@example.com
Wong,Chun,2026,chun.wong26@example.com
